Acceptance|
Accepting My Alcoholism|
Act As If|
Action|
Addictive Personality|
Adjusting to a Sober Life|
Adversity|
Agnostics (We Agnostics)|
Amends Beyond “I’m Sorry”|
Amends, Making Hard Amends|
Anger|
Anniversaries|
Anonymity|
Asking for Help|
Attitude|
Attraction not Promotion|
Balance|
Being Alone|
Being Considerate of Others (in and out of AA)|
Being Useful|
Big Book (Using the Big Book)|
Boredom with the Program|
(The) Bottom is Where You Stop Digging (you hit bottom when you stop digging)|
Breaking My Anonymity|
Bring the Body and the Mind Will Follow|
But For the Grace of God|
Carry This Message|
Celebrations in Sobriety|
Change|
Changing Routines, Changing People, Places and Things (to avoid drinking)|
Character Defects|
Choice|
Clarity of Thought|
Codependence|
Compassion|
Complacency|
Completely Giving Myself to This Simple Program|
Contempt Prior to Investigation|
Courage|
Courage to Change the Things I Can (Serenity Prayer)|
Cravings|
Cunning, Baffling, Powerful|
Decision Making|
Dealing with Difficult People|
Denial|
Dependence|
Detaching, Detaching with Love|
Disappointment|
Discipline|
Disease Concept|
Do the Next Right Thing|
(The) Doctor’s Opinion (from the Big Book)|
Don’t Drink and Go To Meetings|
Don’t Quit Before the Miracle|
Drinking Occasions|
(A) Drug is a Drug|
Drugs (Problems Other Than Alcohol)|
Drunk Who Brought You In Will Take You Out|
Dry Drunks|
Easy Does It|
Economic Insecurity|
Ego (ego deflation from Step 5, ego puncturing from Step 7)|
Eleventh Step Prayer (Prayer of Saint Francis of Assisi)|
Emotional Balance (from Step 10)|
Emotional Hangover (from Step 10)|
Emotional Sobriety (Emotions)|
Enjoying Life (Having Fun Sober)|
(The) Exact Nature of our Wrongs|
Expect a Miracle|
Expectations (Unreasonable Expectation, Pre-Planned Resentments)|
Experience (Sharing Our Experience)|
Experience Strength and Hope|
Faith|
Fake It Till You Make It|
(The) Family Afterwards|
Fear|
Fear of Failure/Fear of Success|
Feelings and Emotions|
Feeling Different|
Fellowship|
First Drink Gets You Drunk|
First Things First|
First Thought Wrong|
Fixing Me, Not You|
Forgiveness|
Forgiving Others|
Forgiving Ourselves|
Foundation|
Fourth Dimension (from page 25 in The Big Book)|
Freedom|
Freedom from Bondage|
Friendship|
Fun|
Gift of Desperation|
Gifts of the Program|
God as I Understand Him|
Gossip|
Gratitude|
Greed, Gluttony, Having Enough|
Grief and Mourning|
Group Membership (belonging to a group having a “home” group)|
Growth|
Growth through Pain|
Guilt|
Habits of Sobriety|
Handling Failure|
Handling Success|
Happiness|
Happy Joyous and Free|
Higher Power|
Hitting Bottom|
Holidays|
Honesty (Rigorous Honesty)|
Hope|
How do you maintain your spiritual condition?|
How do you work the steps?|
How easy does it (working the program and staying sober) get?|
Has has your concept of a higher power changed in sobriety?|
How Have You Changed?|
How Important Is It?|
How it Works (Twelve Step Recovery)|
How were you introduced to AA?|
Humility|
Hungry Angry Lonely Tired (HALT)|
I Am Responsible|
Identify, Don’t Compare|
If God is in charge why do we sweat the small stuff?|
If it’s not practical, It’s not spiritual|
If nothing changes, Nothing changes|
Improving the Quality of My Sobriety|
Insanity|
Insidious (Patiently Waiting for a Chance to Ensnare)|
Instincts|
Integrity|
Inventory (Taking My Own)|
Inventory (Taking That of Others)|
Isolating|
It Is What It Is|
Jealousy|
Joy|
The Joy of Living|
Keep Coming Back|
Keep it Simple|
Keeping it Green|
Let Go and Let God|
Letting Go (of Outcomes)|
Letting Go (of the Past)|
Letting Go (of People Places and Things)|
Life on Life’s Terms|
Literature as a Tool (Using the Big Book, Twelve and Twelve, Meditations, Etc)|
Live and Let Live|
Living in the Real World|
Living in the Moment, Living in the Present, Living in the Now|
Living with Myself in Sobriety|
Lonliness|
Loss|
Love|
Maintaining Sobriety|
Meditation|
Meeting Makers Make It|
Meetings|
Mental Blank (page 42 of the Big Book)|
Mental|
Spiritual and Physical Disease|
Mental Illness (Problems Other Than Alcohol)|
Moderation|
Money|
More will be Revealed|
Motives|
No Pain/No Gain|
Nothing Changes if Nothing Changes|
One Day at a Time|
Online meetings|
Organized Religion|
Other Addictions|
Pain|
Pass it On|
Patience|
Pause when Agitated (Big Book page 87)|
People Pleasing|
Perceptions vs. Reality|
Perseverance|
Persistence|
Physical Illness (Problems Other Than Alcohol)|
Powerlessness|
Practicing These Principles in All Our Affairs|
Prayer|
Preamble (The AA Preamble)|
Pride|
Pride in Reverse|
Primary Purpose, Singleness of Purpose|
Principles Before Personalities|
Priorities|
Projection (Thinking About Outcomes that are in the Future Good and Bad)|
Progress Not Perfection|
Progression|
Promises|
Rationalization, minimizing and justifying, self-justification|
Recovered or Recovering?|
Recovery (Getting Better)|
Regret (We Will Not Regret the Past - Promises)|
Relapse|
Relationships|
Relaxing, Relaxation|
Remember What You Would Have Settled For|
Remembering Your Last Drunk|
Remorse|
Resentment, What is a Resentment?|
Resolutions|
Responsibility|
Restless|
Irritable and Discontent (RID)|
Restraint of Tongue and Pen|
Rituals of Sobriety|
Road Rage|
Rule #62 (from Tradition Four page 149 - 12 and 12)|
Sanity|
Secrets (You’re Only as Sick as Your Secrets or Your Secrets will get You Drunk)|
Self Acceptance|
Self-Centeredness|
Self Esteem|
Self Pity|
Self Seeking|
Self-Will|
Selfishness|
Serenity|
Serenity Prayer|
Serenity Prayer long form|
Service|
Sex|
Sharing (talking or telling my story) at Meetings|
Sick and Tired of Being Sick and Tired|
Slips|
Slogans|
Sobriety Dates|
Spiritual Awakening|
Spiritual Axiom (from Step Ten page 90 - 12 and 12)|
Spiritual Malady (from page 64 of the Big Book)|
Spiritual Part of the Program|
Spirituality|
Sponsorship|
Starting the Day Over|
Staying Away from the First Drink|
Staying in the Now|
Step One|
Step Two|
Step Three|
Step Four|
Step Five|
Step Six|
Step Seven|
Step Eight|
Step Nine|
Step Ten|
Step Eleven|
Step Twelve|
Stick with the Winners|
Stinking Thinking|
Strength (Sharing Our Strength, What is Your Strength?)|
Stress (Coping with Stress)|
Suggestions (Taking the Suggestions)|
Surrender|
Taking Risks|
Taking Things for Granted (before and after sobriety)|
Telling on Yourself|
“Terminal” Uniqueness – feeling unique can kill me|
Think it Through (think the drink through to the end)|
Think Think Think|
This Too Shall Pass|
Time (Time Takes Time)|
To Thine Own Self Be True|
Tolerance|
Too Busy for Meetings?|
Tools of the Program|
Tradition One|
Tradition Two|
Tradition Three|
Tradition Four|
Tradition Five|
Tradition Six|
Tradition Seven|
Tradition Eight|
Tradition Nine|
Tradition Ten|
Tradition Eleven|
Tradition Twelve|
Triggers|
Trust|
Trust God|
Clean House|
Help Others|
Turning it Over|
Turning Point (we stood at the turning point)|
Twelfth Step Calls (going to see someone who is asking for help and/or drinking)|
Twenty-four Hours a Day (one hour| one minute at a time)|
Unfinished Amends|
Unmanageability|
Using the Program Instead of Using Alcohol|
Using the Telephone|
Utilize Don’t Analyze|
Wait to Worry|
We are not a glum lot (from page 132 of the Big Book)|
We of the Program|
What Convinced You That You Had a Problem?|
What is AA?|
What do You do to Stay Sober?|
What do you love about AA?|
What have you gained from the program?|
What outside forces keep you from drinking?|
What Step are you on?|
When others are drinking (and potentially dangerous| what do you do?)|
Who supported you to get sober?  To stay sober?|
Why Are You Here?|
Why did you get sober?|
Will power|
Willing to go to Any Lengths|
Willingness|
Wisdom to Know the Difference (Serenity Prayer)|
Wreckage of the Past|
Yets|
You may be the only Big Book a new person sees.|
Your last drunk.|
Zoom (virtual) meetings.|
Brick & Mortar (in-person) meetings.|
